Market,1,3,5,10,1 Year Analytics,3 Year Analytics,5 Year Analytics,10 Year Analytics
,0.9978441330801269,0.9909122590460983,0.9863256747137725,0.9856435194403043,128,134,137,142
