Market,1,3,5,10,1 Year Rank,3 Year Rank,5 Year Rank,10 Year Rank
,0.9986201685478673,1.0412461449648658,1.0808862098142908,1.1756208257416785,61,62,71,113
