Market,1,3,5,10,1 Year Ranking,3 Year Ranking,5 Year Ranking,10 Year Ranking
,1.0146594887705263,1.0991665265559951,1.184015222892286,1.3848094653482517,123,87,84,91
