Market,1,3,5,10,1 Year Analytics,3 Year Analytics,5 Year Analytics,10 Year Analytics
,0.9988082318167353,0.9955979096317995,0.9923357286028752,0.9856435194403043,144,144,142,142
