Market,1,3,5,10,1 Year Ranking,3 Year Ranking,5 Year Ranking,10 Year Ranking
,1.0189292591836545,1.0959771157409663,1.1809300665722076,1.3935410476585566,149,148,142,115
