Market,1,3,5,10,1 Year Rank,3 Year Rank,5 Year Rank,10 Year Rank
,1.0188973618333963,1.0778281465880497,1.1245637186688526,1.2313120738701528,69,104,132,145
