Market,1,3,5,10,1 Yr. Ranking,3 Yr. Ranking,5 Yr. Ranking,10 Yr. Ranking
,1.062845144918129,1.163411827070458,1.2635206071440115,1.3986784499414968,64,114,137,143
