Model,MAE,RMSE,N
LinearRegression (in-sample test 2024Q1-2025Q1),0.008757669075769569,0.010789566344612351,745
RandomForest    (in-sample test 2024Q1-2025Q1),0.008320603866120256,0.010257021822870591,745
Naive (lag asking-rent growth),0.010255862587228971,0.012879392940169182,745
"Vendor (file 1 forecast vs file 2 actual, 2025Q3-2026Q1)",0.008936779025532514,0.01153229904428878,447
Our LR on vendor's forecast window (2025Q3-2026Q1),0.010609562614908712,,447
Our RF on vendor's forecast window (2025Q3-2026Q1),0.010103934713981133,,447
